family,model,protocol,epochs,lr,within_macro_f1,within_macro_std,within_hate_f1,within_f1_not,accuracy,cross_h22_macro_f1,cross_h22_hate_f1,cross_h21_macro_f1,train_time_s,degenerate,notebook,note
statistical,TF-IDF word-only + LogReg,5-fold CV,,,0.622,0.01,,,,,,,,no,07_cross_validation,ablation: word n-grams only
statistical,TF-IDF word+char+lexicon + LogReg,5-fold CV,,,0.657,0.005,0.567,,0.68,,,,,no,07_cross_validation,LOCKED BASELINE (default C=1.0)
statistical,TF-IDF word+char+lexicon + LogReg,5-fold CV,,,0.654,0.009,,,,,,,,no,06_baseline_model,"tuned C=0.1; scores below default under CV, so tuning gain was noise"
statistical,TF-IDF word+char+lexicon + LogReg,single split,,,0.642,,0.555,0.729,0.663,0.51,0.486,0.494,,no,06_baseline_model,same 915 test rows as all transformers
transformer,xlm-roberta-base,single split,3,2e-5,0.665,,0.565,0.764,0.694,0.448,0.26,,300,no,(not retained),BEST XLM-R. Notebook overwritten by a later config; re-run to restore
transformer,xlm-roberta-base,single split,6,3e-5,0.312,,0.531,0.093,0.381,0.401,0.673,,,YES,(not retained),DEGENERATE: loss flat at ln(2)=0.693; predicted hate for 874/915. Cross hate-F1 0.673 is an artefact of all-hate prediction on a 51.3% hate test set
transformer,xlm-roberta-base,single split,6,2e-5,0.59,,0.408,0.771,0.67,0.46,0.341,,,no,(not retained),notebook overwritten; result recorded at run time
transformer,xlm-roberta-base,single split,20,2e-5,0.632,,0.533,0.731,0.659,0.42,0.187,,2112,no,08_transformer_xlmr_20ep,"overfitting: train loss fell to ~0.40, test macro-F1 did not improve"
transformer,google/muril-base-cased,single split,6,2e-5,0.665,,0.543,0.787,0.709,0.385,0.118,,627,no,08_transformer_muril_6ep,"BEST MuRIL. Highest in-domain accuracy of any model, worst cross-dataset"
transformer,google/muril-base-cased,single split,20,2e-5,0.637,,0.504,0.77,0.686,0.387,0.12,,1949,no,08_transformer_muril_20ep,overfitting; cross-dataset unchanged vs 6 epochs. f1_not derived from macro-F1
transformer,ai4bharat/indic-bert,single split,3,2e-5,0.538,,0.466,0.611,0.55,0.511,0.467,,236,no,08_transformer_indicbert_3ep,"Worst in-domain, BEST cross-dataset of any transformer - matches the TF-IDF baseline (0.510)"
transformer,ai4bharat/indic-bert,single split,6,2e-5,0.64,,0.537,0.742,0.669,0.474,0.396,,461,no,08_transformer_indicbert_6ep,BEST IndicBERT in-domain
transformer,ai4bharat/indic-bert,single split,20,2e-5,0.605,,0.482,0.727,0.643,0.389,0.142,,1429,no,08_transformer_indicbert_20ep,overfitting; cross-dataset falls monotonically with epochs (0.511 -> 0.474 -> 0.389)
transformer,xlm-roberta-base,single split,30,2e-5,0.624,,0.529,0.719,0.648,0.466,0.273,,3171,no,08_transformer_xlmr_30ep,train loss 0.024
transformer,google/muril-base-cased,single split,30,2e-5,0.652,,0.517,0.787,0.704,0.379,0.102,,2769,no,08_transformer_muril_30ep,train loss 0.010
transformer,ai4bharat/indic-bert,single split,30,2e-5,0.636,,0.527,0.745,0.669,0.445,0.267,,2647,no,08_transformer_indicbert_30ep,train loss 0.0000 - complete memorisation
transformer,xlm-roberta-base,3-seed mean,3,2e-05,0.665,0.006,0.590,0.740,0.682,0.438,0.235,,88,no,13_multiseed,multiseed 3-seed mean; XLM-RoBERTa; std in multiseed_results.csv; model version explicitly recorded
transformer,google/muril-base-cased,3-seed mean,6,2e-05,0.667,0.012,0.560,0.775,0.703,0.403,0.160,,163,no,13_multiseed,multiseed 3-seed mean; MuRIL; std in multiseed_results.csv; model version explicitly recorded
transformer,ai4bharat/IndicBERTv2-MLM-only,3-seed mean,6,2e-05,0.656,0.011,0.566,0.747,0.681,0.385,0.112,,160,no,13_multiseed,multiseed 3-seed mean; IndicBERT v2; std in multiseed_results.csv; model version explicitly recorded
model,epochs,lr,seed,macro_f1,hate_f1,f1_not,accuracy,cross_macro_f1,cross_hate_f1,final_train_loss
xlm-roberta-base,3,2e-5,42,0.666,0.589,0.744,0.684,0.456,0.276,0.611
xlm-roberta-base,3,2e-5,1337,0.672,0.609,0.735,0.684,0.406,0.158,0.578
xlm-roberta-base,3,2e-5,2024,0.657,0.573,0.741,0.678,0.451,0.27,0.622
google/muril-base-cased,6,2e-5,42,0.65,0.518,0.782,0.699,0.371,0.085,0.438
google/muril-base-cased,6,2e-5,1337,0.674,0.573,0.775,0.705,0.398,0.166,0.549
google/muril-base-cased,6,2e-5,2024,0.678,0.588,0.769,0.704,0.44,0.227,0.426
ai4bharat/IndicBERTv2-MLM-only,6,2e-5,42,0.661,0.557,0.765,0.693,0.379,0.097,0.345
ai4bharat/IndicBERTv2-MLM-only,6,2e-5,1337,0.642,0.539,0.744,0.671,0.393,0.127,0.432
ai4bharat/IndicBERTv2-MLM-only,6,2e-5,2024,0.667,0.6,0.733,0.68,0.384,0.113,0.458