term,variants,category,keep,source
arrogant,aarrogant|arrogaant|arrogantt|arroogant,,1,seed
assholes,aassholes|ashsholes|asshholes|assholees|assholesh|asshooles|assoles,,1,seed
atankwad,aatankwad|ataankwad|atancwad|atankwaad|atankwadd|atanqwad|attankwad,,1,seed
attack,aattack|atack|attaack|attacc|attacq|attakk|atttack,,1,seed
attacks,aattacks|atacks|attaacks|attaccs|attacksh|attacqs|attakks|atttacks,,1,seed
aukat,aaukat|aookat|aucat|aukaat|aukatt|auqat|auukat,,1,seed
aukkad,aaukkad|aookkad|auckad|aukcad|aukkaad|aukkadd|aukqad|auqkad|auukkad,,1,seed
aukkat,aaukkat|aookkat|auckat|aukcat|aukkaat|aukkatt|aukqat|auqkat|auukkat,,1,seed
bakwaas,baakwaas|bacwaas|bakwaaas|bakwaash|bakwas|baqwaas,,1,seed
bakwas,baakwas|bacwas|bakwaas|bakwash|baqwas,,1,seed
balatkari,baalatkari|balaatkari|balatcari|balatkaari|balatkara|balatkare|balatkaree|balatkarii|balatqari|balattkari,,1,seed
barbaad,baarbaad|barbaaad|barbaadd|barbad,,1,seed
bastard,baastard|bashtard|bastaard|bastardd|basttard,,1,seed
behuda,beehuda|behooda|behudaa|behuday|behudda|behude|behudi|behuuda,,1,seed
bhadwagiri,badwagiri|bhaadwagiri|bhaddwagiri|bhadwaagiri|bhadwageeri|bhadwagiiri|bhadwagira|bhadwagire|bhadwagiree|bhadwagirii,,1,seed
bhadwe,badwe|bhaadwe|bhaddwe|bhadwa|bhadwee|bhadwi,,1,seed
bhagoda,bagoda|bhaagoda|bhagodaa|bhagoday|bhagodda|bhagode|bhagodi|bhagooda,,1,seed
bhnchod,bhnchodd|bhnchood|bhnkhod|bnchod,,1,seed
bhosdi,bhoosdi|bhosda|bhosddi|bhosde|bhosdee|bhosdii|bhoshdi|bosdi,,1,seed
bhosri,bhoosri|bhoshri|bhosra|bhosre|bhosree|bhosrii|bosri,,1,seed
bitch,beetch|biitch|bitkh|bittch,,1,seed
bitching,beetching|biitching|bitcheeng|bitchiing|bitkhing|bittching,,1,seed
blame,blaame|blama|blamee|blami,,1,seed
blast,blaast|blasht|blastt,,1,seed
blasts,blaasts|blashts|blastsh|blastts,,1,seed
bloody,blooddy|bloodi|blooody|bludy|bluudy,,1,seed
brutal,brootal|brutaal|bruttal|bruutal,,1,seed
chaude,chaaude|chaoode|chauda|chaudde|chaudee|chaudi|chauude|khaude,,1,seed
chhi,chha|chhe|chhee|chhii|khhi,,1,seed
chii,cheei|chia|chie|chiee|chiii|khii,,1,seed
chor,choor|khor,,1,seed
chutiya,chootiya|chuteeya|chutiia|chutiiya|chutiyaa|chutiyay|chutiye|chutiyi|chuttiya|chuutiya|khutiya,,1,seed
chutiye,chootiye|chuteeye|chutiie|chutiiye|chutiya|chutiyee|chutiyi|chuttiye|chuutiye|khutiye,,1,seed
chutiyo,chootiyo|chuteeyo|chutiio|chutiiyo|chutiya|chutiye|chutiyoo|chuttiyo|chuutiyo|khutiyo,,1,seed
corrupt,coorrupt|corroopt|corruptt|corruupt|korrupt,,1,seed
corruption,coorruption|corrooption|corrupteeon|corruptiion|corruptioon|corrupttion|corruuption|korruption,,1,seed
crime,creeme|criime|crima|crimee|crimi|krime,,1,seed
criminal,creeminal|criiminal|crimeenal|crimiinal|criminaal|kriminal,,1,seed
dafa,daafa|dafaa|dafay|dafe|dafi|dapha|ddafa,,1,seed
dalali,daalali|dalaali|dalala|dalale|dalalee|dalalii|ddalali,,1,seed
dange,daange|danga|dangee|dangi|ddange,,1,seed
deshdroh,ddeshdroh|deeshdroh|desdroh|deshddroh|deshdrooh|deshhdroh,,1,seed
dhamki,damki|ddhamki|dhaamki|dhamci|dhamka|dhamke|dhamkee|dhamkii|dhamqi,,1,seed
dhoka,ddhoka|dhoca|dhokaa|dhokay|dhoke|dhoki|dhooka|dhoqa|doka,,1,seed
dirty,ddirty|deerty|diirty|dirti|dirtty,,1,seed
disgust,ddisgust|deesgust|diisgust|disgoost|disgusht|disgustt|disguust|dishgust,,1,seed
disgusting,ddisgusting|deesgusting|diisgusting|disgoosting|disgushting|disgusteeng|disgustiing|disgustting|disguusting|dishgusting,,1,seed
dokha,ddokha|docha|doka|dokhaa|dokhay|dokhe|dokhi|dookha|doqha,,1,seed
dumb,ddumb|doomb|duumb,,1,seed
evil,eevil|eveel|eviil,,1,seed
extortion,eextortion|extoortion|extorteeon|extortiion|extortioon|extorttion|exttortion,,1,seed
fake,faake|face|faka|fakee|faki|faqe|phake,,1,seed
filth,feelth|fiilth|filt|filtth|philth,,1,seed
filthy,feelthy|fiilthy|filthi|filtthy|filty|philthy,,1,seed
fraud,fraaud|fraood|fraudd|frauud|phraud,,1,seed
freaking,freaaking|freacing|freakeeng|freakiing|freaqing|freeaking|phreaking,,1,seed
fucker,foocker|fuccer|fuckeer|fucqer|fukker|fuucker|phucker,,1,seed
gaali,gaaali|gaala|gaale|gaalee|gaalii|gali,,1,seed
gadaar,gaadaar|gadaaar|gadar|gaddaar,,1,seed
gadhe,gaadhe|gaddhe|gade|gadha|gadhee|gadhi,,1,seed
gand,gaand|gandd,,1,seed
gandagi,gaandagi|gandaagi|gandaga|gandage|gandagee|gandagii|ganddagi,,1,seed
gandgi,gaandgi|ganddgi|gandga|gandge|gandgee|gandgii,,1,seed
gandh,gaandh|gand|ganddh,,1,seed
gandi,gaandi|ganda|ganddi|gande|gandee|gandii,,1,seed
gandu,gaandu|ganddu|gandoo|ganduu,,1,seed
gatiya,gaatiya|gateeya|gatiia|gatiiya|gatiyaa|gatiyay|gatiye|gatiyi|gattiya,,1,seed
genocide,geenocide|genoceede|genocida|genocidde|genocidee|genocidi|genociide|genokide|genoocide,,1,seed
ghamand,gamand|ghaamand|ghamaand|ghamandd,,1,seed
ghamandi,gamandi|ghaamandi|ghamaandi|ghamanda|ghamanddi|ghamande|ghamandee|ghamandii,,1,seed
ghatiya,gatiya|ghaatiya|ghateeya|ghatiia|ghatiiya|ghatiyaa|ghatiyay|ghatiye|ghatiyi|ghattiya,,1,seed
ghatiyaa,gatiyaa|ghaatiyaa|ghateeyaa|ghatiiaa|ghatiiyaa|ghatiya|ghatiyaaa|ghatiyaay|ghatiyae|ghatiyai|ghatiye|ghatiyi|ghattiyaa,,1,seed
ghotala,ghootala|ghotaala|ghotalaa|ghotalay|ghotale|ghotali|ghottala|gotala,,1,seed
haraamkhor,haaraamkhor|haraaamkhor|haraamchor|haraamkhoor|haraamkor|haraamqhor|haramkhor,,1,seed
harami,haarami|haraami|harama|harame|haramee|haramii,,1,seed
haramiyio,haaramiyio|haraamiyio|harameeyio|haramiiio|haramiiyio|haramiyeeo|haramiyia|haramiyie|haramiyiio|haramiyioo,,1,seed
haramkhoor,haaramkhoor|haraamkhoor|haramchoor|haramkhooor|haramkhur|haramkhuur|haramkoor|haramqhoor,,1,seed
haramkhor,haaramkhor|haraamkhor|haramchor|haramkhoor|haramkor|haramqhor,,1,seed
haramzade,haaramzade|haraamzade|haramzaade|haramzada|haramzadde|haramzadee|haramzadi,,1,seed
hate,haate|hata|hatee|hati|hatte,,1,seed
hatred,haatred|hatredd|hatreed|hattred,,1,seed
hijde,heejde|hiijde|hijda|hijdde|hijdee|hijdi,,1,seed
idiot,eediot|iddiot|ideeot|idiiot|idioot|idiott|iidiot,,1,seed
irritate,eerritate|iirritate|irreetate|irriitate|irritaate|irritata|irritatee|irritati|irritatte|irrittate,,1,seed
irritating,eerritating|iirritating|irreetating|irriitating|irritaating|irritateeng|irritatiing|irritatting|irrittating,,1,seed
jail,jaail|jaeel|jaiil,,1,seed
jalad,jaalad|jalaad|jaladd,,1,seed
jhoot,jhooot|jhoott|jhut|jhuut,,1,seed
jhoota,jhooota|jhootaa|jhootay|jhoote|jhooti|jhootta|jhuta|jhuuta,,1,seed
jhooti,jhoooti|jhoota|jhoote|jhootee|jhootii|jhootti|jhuti|jhuuti,,1,seed
jihad,jeehad|jihaad|jihadd|jiihad,,1,seed
jihadi,jeehadi|jihaadi|jihada|jihaddi|jihade|jihadee|jihadii|jiihadi,,1,seed
kachchar,cachchar|kaachchar|kachchaar|kachkhar|kakhchar|qachchar,,1,seed
kalank,calank|kaalank|kalaank|kalanc|kalanq|qalank,,1,seed
kameenon,cameenon|kaameenon|kameeenon|kameenoon|kamiinon|kaminon|qameenon,,1,seed
kamine,camine|kaamine|kameene|kamiine|kamina|kaminee|kamini|qamine,,1,seed
kamino,camino|kaamino|kameeno|kamiino|kamina|kamine|kaminoo|qamino,,1,seed
kanjar,canjar|kaanjar|kanjaar|qanjar,,1,seed
kanjaron,canjaron|kaanjaron|kanjaaron|kanjaroon|qanjaron,,1,seed
kartuton,cartuton|kaartuton|kartooton|karttuton|kartutoon|kartutton|kartuuton|qartuton,,1,seed
khattara,chattara|kattara|khaattara|khatara|khattaara|khattaraa|khattaray|khattare|khattari|khatttara|qhattara,,1,seed
khilaaf,chilaaf|kheelaaf|khiilaaf|khilaaaf|khilaaph|khilaf|kilaaf|qhilaaf,,1,seed
khilaf,chilaf|kheelaf|khiilaf|khilaaf|khilaph|kilaf|qhilaf,,1,seed
kill,cill|keell|kiill|kil|qill,,1,seed
killer,ciller|keeller|kiiller|kiler|killeer|qiller,,1,seed
killing,cilling|keelling|kiilling|kiling|killeeng|killiing|qilling,,1,seed
kutiya,cutiya|kootiya|kuteeya|kutiia|kutiiya|kutiyaa|kutiyay|kutiye|kutiyi|kuttiya|kuutiya|qutiya,,1,seed
kutta,cutta|kootta|kuta|kuttaa|kuttay|kutte|kutti|kuttta|kuutta|qutta,,1,seed
kuttay,cuttay|koottay|kutay|kuttaay|kuttai|kutttay|kuuttay|quttay,,1,seed
kutte,cutte|kootte|kute|kutta|kuttee|kutti|kuttte|kuutte|qutte,,1,seed
kuttey,cuttey|koottey|kutey|kutteey|kuttei|kutttey|kuuttey|quttey,,1,seed
kuttiya,cuttiya|koottiya|kutiya|kutteeya|kuttiia|kuttiiya|kuttiyaa|kuttiyay|kuttiye|kuttiyi|kutttiya|kuuttiya|quttiya,,1,seed
kutto,cutto|kootto|kuto|kutta|kutte|kuttoo|kuttto|kuutto|qutto,,1,seed
lanat,laanat|lanaat|lanatt,,1,seed
liar,leear|liaar|liiar,,1,seed
lie,leee|lia|liee|lii|liie,,1,seed
lode,loda|lodde|lodee|lodi|loode,,1,seed
looser,loooser|looseer|loosher|luser|luuser,,1,seed
madarchod,maadarchod|madaarchod|madarchodd|madarchood|madarkhod|maddarchod,,1,seed
makkar,maakkar|mackar|makcar|makkaar|makqar|maqkar,,1,seed
manhoos,maanhoos|manhooos|manhoosh|manhus|manhuus,,1,seed
maut,maaut|maoot|mautt|mauut,,1,seed
mean,meaan|meean,,1,seed
murder,moorder|murdder|murdeer|muurder,,1,seed
murderer,moorderer|murdderer|murdeerer|murdereer|muurderer,,1,seed
nafrat,naafrat|nafraat|nafratt|naphrat,,1,seed
nakli,naakli|nacli|nakla|nakle|naklee|naklii|naqli,,1,seed
nasoor,naasoor|nashoor|nasooor|nasur|nasuur,,1,seed
neech,neeech|neekh|nich|niich,,1,seed
nichta,neechta|nichtaa|nichtay|nichte|nichti|nichtta|niichta|nikhta,,1,seed
nikamma,neekamma|nicamma|niikamma|nikaamma|nikammaa|nikammay|nikamme|nikammi|niqamma,,1,seed
nonsense,nonseense|nonsensa|nonsensee|nonsenshe|nonsensi|nonshense|noonsense,,1,seed
oppose,ooppose|oppoose|opposa|opposee|opposhe|opposi,,1,seed
pagal,paagal|pagaal,,1,seed
pakhandio,paakhandio|pachandio|pakandio|pakhaandio|pakhanddio|pakhandeeo|pakhandia|pakhandie|pakhandiio|pakhandioo|paqhandio,,1,seed
pedophile,peddophile|pedofile|pedoophile|pedopheele|pedophiile|pedophila|pedophilee|pedophili|peedophile,,1,seed
phansi,fansi|phaansi|phansa|phanse|phansee|phanshi|phansii,,1,seed
phattu,fattu|phaattu|phattoo|phatttu|phattuu|phatu,,1,seed
pig,peeg|piig,,1,seed
punish,poonish|puneesh|puniish|punis|punishh|puunish,,1,seed
randi,raandi|randa|randdi|rande|randee|randii,,1,seed
rape,raape|rapa|rapee|rapi,,1,seed
rapist,raapist|rapeest|rapiist|rapisht|rapistt,,1,seed
rascal,raascal|rascaal|rashcal|raskal,,1,seed
retarded,reetarded|retaarded|retardded|retardedd|retardeed|rettarded,,1,seed
ridiculous,reediculous|riddiculous|rideeculous|ridicoolous|ridiculooos|ridiculoous|ridiculoush|ridiculouus|ridicuulous|ridiiculous|ridikulous|riidiculous,,1,seed
saala,saaala|saalaa|saalay|saale|saali|sala|shaala,,1,seed
saalo,saaalo|saala|saale|saaloo|salo|shaalo,,1,seed
saazish,saaazish|saazeesh|saaziish|saazis|saazishh|sazish|shaazish,,1,seed
scam,scaam|shcam|skam,,1,seed
selfish,seelfish|selfeesh|selfiish|selfis|selfishh|selphish|shelfish,,1,seed
sharam,saram|shaaram|sharaam|shharam,,1,seed
shit,sheet|shhit|shiit|shitt|sit,,1,seed
slavery,shlavery|slaavery|slaveery|slaveri,,1,seed
suar,shuar|sooar|suaar|suuar,,1,seed
suaro,shuaro|sooaro|suaaro|suara|suare|suaroo|suuaro,,1,seed
suvar,shuvar|soovar|suuvar|suvaar,,1,seed
suwar,shuwar|soowar|suuwar|suwaar,,1,seed
suwaro,shuwaro|soowaro|suuwaro|suwaaro|suwara|suware|suwaroo,,1,seed
terror,teerror|terroor|tterror,,1,seed
terrorism,teerrorism|terroorism|terroreesm|terroriism|terrorishm|tterrorism,,1,seed
terrorist,teerrorist|terroorist|terroreest|terroriist|terrorisht|terroristt|tterrorist,,1,seed
thief,theeef|thieef|thieph|thiief|tief|tthief,,1,seed
traitor,traaitor|traeetor|traiitor|traitoor|traittor|ttraitor,,1,seed
traitors,traaitors|traeetors|traiitors|traitoors|traitorsh|traittors|ttraitors,,1,seed
tuchhe,toochhe|ttuchhe|tuchha|tuchhee|tuchhi|tukhhe|tuuchhe,,1,seed
ugly,oogly|ugli|uugly,,1,seed
vahiyaat,vaahiyaat|vaheeyaat|vahiiaat|vahiiyaat|vahiyaaat|vahiyaatt|vahiyat,,1,seed
violence,veeolence|viiolence|violeence|violenca|violencee|violenci|violenke|vioolence,,1,seed
virodh,veerodh|viirodh|virod|viroddh|viroodh,,1,seed
zahil,zaahil|zaheel|zahiil,,1,seed
kisan,cisan|keesan|kiisan|kisaan|kishan|qisan,,?,data_candidate
bsdk,bsdc|bsddk|bsdq|bshdk,,?,data_candidate
khatey,chatey|katey|khaatey|khateey|khatei|khattey|qhatey,,?,data_candidate
banaras,baanaras|banaaras|banaraas|banarash,,?,data_candidate
yellow,iellow|yeellow|yelloow|yelow,,?,data_candidate
farmerprotest,faarmerprotest|farmeerprotest|farmerprootest|farmerproteest|farmerprotesht|farmerprotestt|farmerprottest|pharmerprotest,,?,data_candidate
goondas,goondaas|goondash|goonddas|gooondas|gundas|guundas,,?,data_candidate
uttarpradeshelections,oottarpradeshelections|utarpradeshelections|uttaarpradeshelections|uttarpraadeshelections|uttarpraddeshelections|uttarpradeeshelections|uttarpradeselections|uttarpradesheelections|uttarpradeshelecteeons|uttarpradeshelectiions|uttarpradeshelectionsh|uttarpradeshelectioons|uttarpradeshelecttions|uttarpradesheleections|uttarpradeshelektions|uttarpradeshhelections|utttarpradeshelections|uuttarpradeshelections,,?,data_candidate
pitey,peetey|piitey|piteey|pitei|pittey,,?,data_candidate
anaj,aanaj|anaaj,,?,data_candidate
gurjar,goorjar|gurjaar|guurjar,,?,data_candidate
uttrakhand,oottrakhand|utrakhand|uttraakhand|uttrachand|uttrakand|uttrakhaand|uttrakhandd|uttraqhand|utttrakhand|uuttrakhand,,?,data_candidate
pilley,peelley|piilley|piley|pilleey|pillei,,?,data_candidate
chamcha,chaamcha|chamchaa|chamchay|chamche|chamchi|chamkha|khamcha,,?,data_candidate
drohi,ddrohi|droha|drohe|drohee|drohii|droohi,,?,data_candidate
feku,fecu|feeku|fekoo|fekuu|fequ|pheku,,?,data_candidate
billion,beellion|biillion|bilion|billeeon|billiion|billioon,,?,data_candidate
punjabi,poonjabi|punjaabi|punjaba|punjabe|punjabee|punjabii|puunjabi,,?,data_candidate
shut,shhut|shoot|shutt|shuut|sut,,?,data_candidate
mooh,moooh|muh|muuh,,?,data_candidate
nupursharma,noopursharma|nupoorsharma|nupursarma|nupurshaarma|nupursharmaa|nupursharmay|nupursharme|nupursharmi|nupurshharma|nupuursharma|nuupursharma,,?,data_candidate
muradabad,mooradabad|muraadabad|muradaabad|muradabaad|muradabadd|muraddabad|muuradabad,,?,data_candidate
juice,jooice|jueece|juica|juicee|juici|juiice|juike|juuice,,?,data_candidate
dancer,daancer|danceer|danker|ddancer,,?,data_candidate
khalistan,chalistan|kalistan|khaalistan|khaleestan|khaliistan|khalishtan|khalistaan|khalisttan|qhalistan,,?,data_candidate
ticket,teecket|ticcet|tickeet|tickett|ticqet|tiicket|tikket|tticket,,?,data_candidate
burning,boorning|burneeng|burniing|buurning,,?,data_candidate
hypocrite,hipocrite|hypocreete|hypocriite|hypocrita|hypocritee|hypocriti|hypocritte|hypokrite|hypoocrite,,?,data_candidate
mental,meental|mentaal|menttal,,?,data_candidate
keeda,ceeda|keedaa|keeday|keedda|keede|keedi|keeeda|kida|kiida|qeeda,,?,data_candidate
fucking,foocking|fuccing|fuckeeng|fuckiing|fucqing|fukking|fuucking|phucking,,?,data_candidate
gutter,gootter|guter|gutteer|guttter|guutter,,?,data_candidate
kisano,cisano|keesano|kiisano|kisaano|kisana|kisane|kisanoo|kishano|qisano,,?,data_candidate
wtf,wtph|wttf,,?,data_candidate
burnol,boornol|burnool|buurnol,,?,data_candidate
tmc,tmk|ttmc,,?,data_candidate
cruel,crooel|crueel|cruuel|kruel,,?,data_candidate
lund,loond|lundd|luund,,?,data_candidate
scum,scoom|scuum|shcum|skum,,?,data_candidate
predictable,preddictable|predeectable|predictaable|predictabla|predictablee|predictabli|predicttable|prediictable|prediktable|preedictable,,?,data_candidate
sanghi,saanghi|sangha|sanghe|sanghee|sanghii|sangi|shanghi,,?,data_candidate
buddhi,booddhi|budddhi|buddha|buddhe|buddhee|buddhii|buddi|budhi|buuddhi,,?,data_candidate
coward,cooward|cowaard|cowardd|koward,,?,data_candidate
raising,raaising|raeesing|raiising|raiseeng|raishing|raisiing,,?,data_candidate
naalikakeeda,naaalikakeeda|naaleekakeeda|naalicakeeda|naaliikakeeda|naalikaakeeda|naalikaceeda|naalikakeedaa|naalikakeeday|naalikakeedda|naalikakeede|naalikakeedi|naalikakeeeda|naalikakida|naalikakiida|naalikaqeeda|naaliqakeeda|nalikakeeda,,?,data_candidate
spotted,shpotted|spootted|spoted|spottedd|spotteed|spottted,,?,data_candidate
bots,boots|botsh|botts,,?,data_candidate
nalayak,naalayak|nalaayak|nalaiak|nalayaak|nalayac|nalayaq,,?,data_candidate
bark,baark|barc|barq,,?,data_candidate
blah,blaah,,?,data_candidate
babari,baabari|babaari|babara|babare|babaree|babarii,,?,data_candidate
venomous,veenomous|venomooos|venomoous|venomoush|venomouus|venoomous,,?,data_candidate
fuck,foock|fucc|fucq|fukk|fuuck|phuck,,?,data_candidate
vikash,veekash|vicash|viikash|vikaash|vikas|vikashh|viqash,,?,data_candidate
pasted,paasted|pashted|pastedd|pasteed|pastted,,?,data_candidate
abay,aabay|abaay|abai,,?,data_candidate
hiding,heeding|hidding|hideeng|hidiing|hiiding,,?,data_candidate
alleged,aalleged|aleged|alleeged|allegedd|allegeed,,?,data_candidate
stage,shtage|staage|staga|stagee|stagi|sttage,,?,data_candidate
jaahil,jaaahil|jaaheel|jaahiil|jahil,,?,data_candidate
poisonous,poeesonous|poiisonous|poishonous|poisonooos|poisonoous|poisonoush|poisonouus|poisoonous|pooisonous,,?,data_candidate
divide,ddivide|deevide|diivide|diveede|divida|dividde|dividee|dividi|diviide,,?,data_candidate
squeaky,shqueaky|sqooeaky|squeaaky|squeacy|squeaki|squeaqy|squeeaky|squueaky,,?,data_candidate
low,loow,,?,data_candidate
parents,paarents|pareents|parentsh|parentts,,?,data_candidate
aukaat,aaukaat|aookaat|aucaat|aukaaat|aukaatt|aukat|auqaat|auukaat,,?,data_candidate
shameful,sameful|shaameful|shameeful|shamefool|shamefuul|shamephul|shhameful,,?,data_candidate
brahmins,braahmins|brahmeens|brahmiins|brahminsh,,?,data_candidate
jaat,jaaat|jaatt|jat,,?,data_candidate
task,taask|tasc|tashk|tasq|ttask,,?,data_candidate
born,boorn,,?,data_candidate
mutra,mootra|mutraa|mutray|mutre|mutri|muttra|muutra,,?,data_candidate
chu,choo|chuu|khu,,?,data_candidate
didi,ddidi|deedi|dida|diddi|dide|didee|didii|diidi,,?,data_candidate
khalistani,chalistani|kalistani|khaalistani|khaleestani|khaliistani|khalishtani|khalistaani|khalistana|khalistane|khalistanee|khalistanii|khalisttani|qhalistani,,?,data_candidate
kutton,cutton|kootton|kuton|kuttoon|kuttton|kuutton|qutton,,?,data_candidate
mouth,moooth|moouth|mout|moutth|mouuth,,?,data_candidate
plan,plaan,,?,data_candidate
shameless,sameless|shaameless|shameeless|shameleess|shameleshs|shamelessh|shhameless,,?,data_candidate
wohi,woha|wohe|wohee|wohii|woohi,,?,data_candidate
sikhs,seekhs|shikhs|sichs|siikhs|sikhsh|siks|siqhs,,?,data_candidate
university,ooniversity|uneeversity|uniiversity|univeersity|universeety|univershity|universiity|universiti|universitty|uuniversity,,?,data_candidate
jnu,jnoo|jnuu,,?,data_candidate
guts,goots|gutsh|gutts|guuts,,?,data_candidate
married,maarried|marreeed|marriedd|marrieed|marriied,,?,data_candidate
thakur,takur|thaakur|thacur|thakoor|thakuur|thaqur|tthakur,,?,data_candidate
tried,treeed|triedd|trieed|triied|ttried,,?,data_candidate
died,ddied|deeed|diedd|dieed|diied,,?,data_candidate
ache,aache|acha|achee|achi|akhe,,?,data_candidate
mom,moom,,?,data_candidate
trump,troomp|truump|ttrump,,?,data_candidate
rajneeti,raajneeti|rajneeeti|rajneeta|rajneete|rajneetee|rajneetii|rajneetti|rajniiti|rajniti,,?,data_candidate
leti,leeti|leta|lete|letee|letii|letti,,?,data_candidate
nali,naali|nala|nale|nalee|nalii,,?,data_candidate
bhagwaan,bagwaan|bhaagwaan|bhagwaaan|bhagwan,,?,data_candidate
gyaan,giaan|gyaaan|gyan,,?,data_candidate
standards,shtandards|staandards|standaards|standardds|standardsh|standdards|sttandards,,?,data_candidate
admi,aadmi|addmi|adma|adme|admee|admii,,?,data_candidate
saina,saaina|saeena|saiina|sainaa|sainay|saine|saini|shaina,,?,data_candidate
farmers,faarmers|farmeers|farmersh|pharmers,,?,data_candidate
saale,saaale|saala|saalee|saali|sale|shaale,,?,data_candidate
sudhar,shudhar|soodhar|sudar|suddhar|sudhaar|suudhar,,?,data_candidate
dog,ddog|doog,,?,data_candidate
hell,heell|hel,,?,data_candidate
reply,reeply|repli,,?,data_candidate
tumari,toomari|ttumari|tumaari|tumara|tumare|tumaree|tumarii|tuumari,,?,data_candidate
porki,poorki|porci|porka|porke|porkee|porkii|porqi,,?,data_candidate
deshdrohi,ddeshdrohi|deeshdrohi|desdrohi|deshddrohi|deshdroha|deshdrohe|deshdrohee|deshdrohii|deshdroohi|deshhdrohi,,?,data_candidate
conversion,conveersion|converseeon|convershion|conversiion|conversioon|coonversion|konversion,,?,data_candidate
supported,shupported|soopported|suppoorted|supportedd|supporteed|supportted|suupported,,?,data_candidate
snakes,shnakes|snaakes|snaces|snakees|snakesh|snaqes,,?,data_candidate
madarsa,maadarsa|madaarsa|madarsaa|madarsay|madarse|madarsha|madarsi|maddarsa,,?,data_candidate
policy,poleecy|polici|poliicy|poliky|poolicy,,?,data_candidate
hide,heede|hida|hidde|hidee|hidi|hiide,,?,data_candidate
isis,eesis|iisis|isees|ishis|isiis|isish,,?,data_candidate
kida,cida|keeda|kidaa|kiday|kidda|kide|kidi|kiida|qida,,?,data_candidate
gayee,gaayee|gaiee|gayea|gayeee|gayei|gayi|gayii,,?,data_candidate
moron,mooron|moroon,,?,data_candidate
muslimo,mooslimo|mushlimo|musleemo|musliimo|muslima|muslime|muslimoo|muuslimo,,?,data_candidate
boebert,boebeert|boebertt|boeebert|booebert,,?,data_candidate
everywhere,eeverywhere|eveerywhere|everiwhere|everywheere|everywhera|everywheree|everywheri,,?,data_candidate
pidit,peedit|piddit|pideet|pidiit|piditt|piidit,,?,data_candidate
unse,oonse|unsa|unsee|unshe|unsi|uunse,,?,data_candidate
khali,chali|kali|khaali|khala|khale|khalee|khalii|qhali,,?,data_candidate
sid,seed|shid|sidd|siid,,?,data_candidate
bhari,bari|bhaari|bhara|bhare|bharee|bharii,,?,data_candidate
activities,aactivities|acteevities|actiivities|activeeties|activiities|activiteees|activitiees|activitiesh|activitiies|activitties|acttivities|aktivities,,?,data_candidate
koun,coun|kooon|kooun|kouun|qoun,,?,data_candidate
baith,baaith|baeeth|baiith|bait|baitth,,?,data_candidate
goons,goonsh|gooons|guns|guuns,,?,data_candidate
gupta,goopta|guptaa|guptay|gupte|gupti|guptta|guupta,,?,data_candidate
gaddar,gaaddar|gadar|gaddaar|gadddar,,?,data_candidate
rah,raah,,?,data_candidate
godi,goda|goddi|gode|godee|godii|goodi,,?,data_candidate
bap,baap,,?,data_candidate
rona,ronaa|ronay|rone|roni|roona,,?,data_candidate
angry,aangry|angri,,?,data_candidate
paste,paaste|pashte|pasta|pastee|pasti|pastte,,?,data_candidate
fund,foond|fundd|fuund|phund,,?,data_candidate
brain,braain|braeen|braiin,,?,data_candidate
manu,maanu|manoo|manuu,,?,data_candidate
iraq,eeraq|iiraq|iraaq,,?,data_candidate
cricketers,creecketers|cricceters|crickeeters|cricketeers|cricketersh|cricketters|cricqeters|criicketers|crikketers|kricketers,,?,data_candidate
loge,loga|logee|logi|looge,,?,data_candidate
barking,baarking|barcing|barkeeng|barkiing|barqing,,?,data_candidate
pragya,praagya|pragia|pragyaa|pragyay|pragye|pragyi,,?,data_candidate
aani,aaani|aana|aane|aanee|aanii|ani,,?,data_candidate
peene,peeene|peena|peenee|peeni|piine|pine,,?,data_candidate
filled,feelled|fiilled|filed|filledd|filleed|philled,,?,data_candidate
dalito,daalito|daleeto|daliito|dalita|dalite|dalitoo|dalitto|ddalito,,?,data_candidate
